Workbook

Sheet README
A1: DIS_Input_standard.xlsx
A3: Purpose | B3: Scenario and decision-input layer for Power BI. SOTA.xlsx remains the main source; Pipeline_Source is a lightweight mirror used only for Excel formulas.
A4: Flow | B4: SOTA.xlsx + DIS_Input_standard.xlsx → Refresh Power BI → Dashboard → Slides PDF
A5: How to use | B5: 1) Update Priority_Orders with exact Batch / Load IDs from SOTA/Pipeline_Source. 2) Change active scenario in Scenario_Config. 3) Refresh Power BI.
A6: Key rule | B6: Batch / Load keep track must match Pipeline_Source[Batch / Load].
A7: Simulation logic | B7: Tracked_Pipeline_Loads pulls only selected loads; Disruption_Simulation calculates New ETA vs peak window.
A8: Pipeline source | B8: Pipeline_Source is copied from uploaded SOTA.xlsx so the workbook can calculate without manual copy-paste.
A9: Distributor selection | B9: US = PlayGiant USA; UK = BrightToy UK; AU = DownUnder Toys.
A10: Power BI use | B10: Load the input tables plus Tracked_Pipeline_Loads and Disruption_Simulation.
A11: Editable sheets | B11: Priority_Orders, Scenario_Config, DC_Inventory_Input, Distributor_Input, Cost_Assumptions.
A12: Do not edit | B12: Pipeline_Source, Decision_Rules, Action_Catalog unless changing methodology.
A13: Added sheets | B13: Cost_Comparison, Distributor_Master, Distributor_SLA_Input, Backup_Distributor_Plan were restored from the older DIS input structure.
A14: Cost logic | B14: Cost_Comparison uses Priority_Orders + Scenario_Config + Cost_Assumptions. Recommendation depends on Disruption_Simulation status.
... A16: Inventory logic | B16: DC_Inventory_Input now includes calculated coverage/status fields with clean formulas.

Sheet Pipeline_Source
A1: Container ID | B1: SKU | C1: Qty | D1: Market | E1: DC | F1: Departure Date | G1: Base LT | H1: Base ETA | I1: SS1 Start | J1: SS1 End | K1: SS2 Start | L1: SS2 End | M1: Gap start 1 | N1: Gap end 1 | O1: Gap start 2 | P1: Gap end 2 | Q1: Seasonal Status | R1: Proposed Action | S1: Load Type | T1: Product CBM | U1: Load Used CBM | V1: Load Slack CBM
A2: US-20260511-40_1 | B2: A | C2: 15000 | D2: US | E2: DC-US-E | F2: 46153 | G2: 50 | H2: 46203 | I2: 46235 | J2: 46265 | K2: 46296 | L2: 46387 | M2: 32 | N2: 62 | O2: 93 | P2: 184 | Q2: EARLY BEFORE SS1 | R2: Hold at DC-US-E / consolidate until SS1 window | S2: 40 | T2: 37.5 | U2: 40.429688 | V2: 24.570312
A3: US-20260511-40_1 | B3: F | C3: 3000 | D3: US | E3: DC-US-E | F3: 46153 | G3: 50 | H3: 46203 | I3: 46235 | J3: 46265 | K3: 46296 | L3: 46387 | M3: 32 | N3: 62 | O3: 93 | P3: 184 | Q3: EARLY BEFORE SS1 | R3: Hold at DC-US-E / consolidate until SS1 window | S3: 40 | T3: 2.929688 | U3: 40.429688 | V3: 24.570312
A4: UK-20260511-LCL | B4: C | C4: 4998 | D4: UK | E4: DC-UK | F4: 46153 | G4: 45 | H4: 46198 | I4: 46082 | J4: 46142 | K4: 46327 | L4: 46387 | M4: -116 | N4: -56 | O4: 129 | P4: 189 | Q4: BETWEEN SS1 & SS2 | R4: Missed SS1; hold or reallocate for SS2 demand | S4: LCL | T4: 24.99 | U4: 24.99 | V4: 0
A5: US-20260518-20_1 | B5: A | C5: 11200 | D5: US | E5: DC-US-W | F5: 46160 | G5: 50 | H5: 46210 | I5: 46235 | J5: 46265 | K5: 46296 | L5: 46387 | M5: 25 | N5: 55 | O5: 86 | P5: 177 | Q5: EARLY BEFORE SS1 | R5: Hold at DC-US-W / consolidate until SS1 window | S5: 20 | T5: 28 | U5: 28 | V5: 0
A6: US-20260518-LCL | B6: A | C6: 1300 | D6: US | E6: DC-US-W | F6: 46160 | G6: 55 | H6: 46215 | I6: 46235 | J6: 46265 | K6: 46296 | L6: 46387 | M6: 20 | N6: 50 | O6: 81 | P6: 172 | Q6: EARLY BEFORE SS1 | R6: Hold at DC-US-W / consolidate until SS1 window | S6: LCL | T6: 3.25 | U6: 5.695312 | V6: 0
A7: US-20260518-LCL | B7: F | C7: 2504 | D7: US | E7: DC-US-W | F7: 46160 | G7: 55 | H7: 46215 | I7: 46235 | J7: 46265 | K7: 46296 | L7: 46387 | M7: 20 | N7: 50 | O7: 81 | P7: 172 | Q7: EARLY BEFORE SS1 | R7: Hold at DC-US-W / consolidate until SS1 window | S7: LCL | T7: 2.445312 | U7: 5.695312 | V7: 0
A8: UK-20260518-LCL | B8: C | C8: 4166 | D8: UK | E8: DC-UK | F8: 46160 | G8: 45 | H8: 46205 | I8: 46082 | J8: 46142 | K8: 46327 | L8: 46387 | M8: -123 | N8: -63 | O8: 122 | P8: 182 | Q8: BETWEEN SS1 & SS2 | R8: Missed SS1; hold or reallocate for SS2 demand | S8: LCL | T8: 20.83 | U8: 20.83 | V8: 0
A9: US-20260525-20_1 | B9: A | C9: 7528 | D9: US | E9: DC-US-E | F9: 46167 | G9: 50 | H9: 46217 | I9: 46235 | J9: 46265 | K9: 46296 | L9: 46387 | M9: 18 | N9: 48 | O9: 79 | P9: 170 | Q9: EARLY BEFORE SS1 | R9: Hold at DC-US-E / consolidate until SS1 window | S9: 20 | T9: 18.82 | U9: 27.999688 | V9: 0.000312
A10: US-20260525-20_1 | B10: B | C10: 4000 | D10: US | E10: DC-US-E | F10: 46167 | G10: 50 | H10: 46217 | I10: 46235 | J10: 46265 | K10: 46296 | L10: 46387 | M10: 18 | N10: 48 | O10: 79 | P10: 170 | Q10: EARLY BEFORE SS1 | R10: Hold at DC-US-E / consolidate until SS1 window | S10: 20 | T10: 6.25 | U10: 27.999688 | V10: 0.000312
A11: US-20260525-20_1 | B11: F | C11: 3000 | D11: US | E11: DC-US-E | F11: 46167 | G11: 50 | H11: 46217 | I11: 46235 | J11: 46265 | K11: 46296 | L11: 46387 | M11: 18 | N11: 48 | O11: 79 | P11: 170 | Q11: EARLY BEFORE SS1 | R11: Hold at DC-US-E / consolidate until SS1 window | S11: 20 | T11: 2.929688 | U11: 27.999688 | V11: 0.000312
A12: US-20260525-LCL | B12: A | C12: 3472 | D12: US | E12: DC-US-W | F12: 46167 | G12: 55 | H12: 46222 | I12: 46235 | J12: 46265 | K12: 46296 | L12: 46387 | M12: 13 | N12: 43 | O12: 74 | P12: 165 | Q12: EARLY BEFORE SS1 | R12: Hold at DC-US-W / consolidate until SS1 window | S12: LCL | T12: 8.68 | U12: 8.68 | V12: 0
A13: UK-20260525-LCL | B13: C | C13: 5000 | D13: UK | E13: DC-UK | F13: 46167 | G13: 45 | H13: 46212 | I13: 46082 | J13: 46142 | K13: 46327 | L13: 46387 | M13: -130 | N13: -70 | O13: 115 | P13: 175 | Q13: BETWEEN SS1 & SS2 | R13: Missed SS1; hold or reallocate for SS2 demand | S13: LCL | T13: 25 | U13: 25 | V13: 0
... A19: AU-20260601-LCL | B19: E | C19: 300 | D19: AU | E19: DC-AU | F19: 46174 | G19: 30 | H19: 46204 | I19: 46204 | J19: 46234 | K19: 46327 | L19: 46387 | M19: 0 | N19: 30 | O19: 123 | P19: 183 | Q19: IN SS1 WINDOW | R19: Ship as planned / prioritize SS1 demand | S19: LCL | T19: 0.9375 | U19: 0.9375 | V19: 0
A20: UK-20260608-40_1 | B20: A | C20: 13776 | D20: UK | E20: DC-UK | F20: 46181 | G20: 40 | H20: 46221 | I20: 46082 | J20: 46142 | K20: 46327 | L20: 46387 | M20: -139 | N20: -79 | O20: 106 | P20: 166 | Q20: BETWEEN SS1 & SS2 | R20: Missed SS1; hold or reallocate for SS2 demand | S20: 40 | T20: 34.44 | U20: 39.288438
A21: US-20260608-LCL | B21: B | C21: 1228 | D21: US | E21: DC-US-W | F21: 46181 | G21: 55 | H21: 46236 | I21: 46235 | J21: 46265 | K21: 46296 | L21: 46387 | M21: -1 | N21: 29 | O21: 60 | P21: 151 | Q21: IN SS1 WINDOW | R21: Ship as planned / prioritize SS1 demand | S21: LCL | T21: 1.91875
A22: US-20260608-LCL | B22: F | C22: 3000 | D22: US | E22: DC-US-W | F22: 46181 | G22: 55 | H22: 46236 | I22: 46235 | J22: 46265 | K22: 46296 | L22: 46387 | M22: -1 | N22: 29 | O22: 60 | P22: 151 | Q22: IN SS1 WINDOW | R22: Ship as planned / prioritize SS1 demand | S22: LCL | T22: 2.929688
A23: UK-20260608-LCL | B23: C | C23: 5000 | D23: UK | E23: DC-UK | F23: 46181 | G23: 45 | H23: 46226 | I23: 46082 | J23: 46142 | K23: 46327 | L23: 46387 | M23: -144 | N23: -84 | O23: 101 | P23: 161 | Q23: BETWEEN SS1 & SS2 | R23: Missed SS1; hold or reallocate for SS2 demand | S23: LCL | T23: 25 | U23: 25 | V23: 0
A24: US-20260615-20_1 | B24: A | C24: 7060 | D24: US | E24: DC-US-W | F24: 46188 | G24: 50 | H24: 46238 | I24: 46235 | J24: 46265 | K24: 46296 | L24: 46387 | M24: -3 | N24: 27 | O24: 58 | P24: 149 | Q24: IN SS1 WINDOW | R24: Ship as planned / prioritize SS1 demand | S24: 20 | T24: 17.65 | U24: 27.998438 | V24: 0.001562
A25: US-20260615-20_1 | B25: B | C25: 4748 | D25: US | E25: DC-US-W | F25: 46188 | G25: 50 | H25: 46238 | I25: 46235 | J25: 46265 | K25: 46296 | L25: 46387 | M25: -3 | N25: 27 | O25: 58 | P25: 149 | Q25: IN SS1 WINDOW | R25: Ship as planned / prioritize SS1 demand | S25: 20 | T25: 7.41875 | U25: 27.998438 | V25: 0.001562
A26: US-20260615-20_1 | B26: F | C26: 3000 | D26: US | E26: DC-US-W | F26: 46188 | G26: 50 | H26: 46238 | I26: 46235 | J26: 46265 | K26: 46296 | L26: 46387 | M26: -3 | N26: 27 | O26: 58 | P26: 149 | Q26: IN SS1 WINDOW | R26: Ship as planned / prioritize SS1 demand | S26: 20 | T26: 2.929688 | U26: 27.998438 | V26: 0.001562
A27: US-20260615-LCL | B27: B | C27: 564 | D27: US | E27: DC-US-W | F27: 46188 | G27: 55 | H27: 46243 | I27: 46235 | J27: 46265 | K27: 46296 | L27: 46387 | M27: -8 | N27: 22 | O27: 53 | P27: 144 | Q27: IN SS1 WINDOW | R27: Ship as planned / prioritize SS1 demand | S27: LCL | T27: 0.88125 | U27: 0.88125 | V27: 0
A28: UK-20260615-LCL | B28: C | C28: 5000 | D28: UK | E28: DC-UK | F28: 46188 | G28: 45 | H28: 46233 | I28: 46082 | J28: 46142 | K28: 46327 | L28: 46387 | M28: -151 | N28: -91 | O28: 94 | P28: 154 | Q28: BETWEEN SS1 & SS2 | R28: Missed SS1; hold or reallocate for SS2 demand | S28: LCL | T28: 25 | U28: 25 | V28: 0
A29: US-20260622-20_1 | B29: A | C29: 2040 | D29: US | E29: DC-US-W | F29: 46195 | G29: 50 | H29: 46245 | I29: 46235 | J29: 46265 | K29: 46296 | L29: 46387 | M29: -10 | N29: 20 | O29: 51 | P29: 142 | Q29: IN SS1 WINDOW | R29: Ship as planned / prioritize SS1 demand | S29: 20 | T29: 5.1 | U29: 16.040625 | V29: 11.959375
A30: US-20260622-20_1 | B30: B | C30: 5312 | D30: US | E30: DC-US-W | F30: 46195 | G30: 50 | H30: 46245 | I30: 46235 | J30: 46265 | K30: 46296 | L30: 46387 | M30: -10 | N30: 20 | O30: 51 | P30: 142 | Q30: IN SS1 WINDOW | R30: Ship as planned / prioritize SS1 demand | S30: 20 | T30: 8.3 | U30: 16.040625 | V30: 11.959375
A31: US-20260622-20_1 | B31: F | C31: 2704 | D31: US | E31: DC-US-W | F31: 46195 | G31: 50 | H31: 46245 | I31: 46235 | J31: 46265 | K31: 46296 | L31: 46387 | M31: -10 | N31: 20 | O31: 51 | P31: 142 | Q31: IN SS1 WINDOW | R31: Ship as planned / prioritize SS1 demand | S31: 20 | T31: 2.640625 | U31: 16.040625 | V31: 11.959375
A32: UK-20260622-LCL | B32: C | C32: 5000 | D32: UK | E32: DC-UK | F32: 46195 | G32: 45 | H32: 46240 | I32: 46082 | J32: 46142 | K32: 46327 | L32: 46387 | M32: -158 | N32: -98 | O32: 87 | P32: 147 | Q32: BETWEEN SS1 & SS2 | R32: Missed SS1; hold or reallocate for SS2 demand | S32: LCL | T32: 25 | U32: 25 | V32: 0
A33: AU-20260622-LCL | B33: E | C33: 300 | D33: AU | E33: DC-AU | F33: 46195 | G33: 30 | H33: 46225 | I33: 46204 | J33: 46234 | K33: 46327 | L33: 46387 | M33: -21 | N33: 9 | O33: 102 | P33: 162 | Q33: IN SS1 WINDOW | R33: Ship as planned / prioritize SS1 demand | S33: LCL | T33: 0.9375 | U33: 0.9375 | V33: 0
A34: US-20260629-20_1 | B34: A | C34: 3544 | D34: US | E34: DC-US-E | F34: 46202 | G34: 50 | H34: 46252 | I34: 46235 | J34: 46265 | K34: 46296 | L34: 46387 | M34: -17 | N34: 13 | O34: 44 | P34: 135 | Q34: IN SS1 WINDOW | R34: Ship as planned / prioritize SS1 demand | S34: 20 | T34: 8.86 | U34: 16.608438 | V34: 11.391562
... A65: AU-20260727-LCL | B65: E | C65: 300 | D65: AU | E65: DC-AU | F65: 46230 | G65: 30 | H65: 46260 | I65: 46204 | J65: 46234 | K65: 46327 | L65: 46387 | M65: -56 | N65: -26 | O65: 67 | P65: 127 | Q65: BETWEEN SS1 & SS2 | R65: Missed SS1; hold or reallocate for SS2 demand | S65: LCL | T65: 0.9375 | U65: 0.9375 | V65: 0

Sheet Priority_Orders
A1: Order ID | B1: Container ID | C1: SKU | D1: Qty | E1: Market | F1: DC | G1: Priority | H1: Highlight Group | I1: Highlight Note | K1: Input note | L1: Use exact Batch / Load ID from Pipeline_Source, e.g., US-W05-LCL-DC-US-E.
A2: PO-US-A-001 | B2: US-20260511-40_1 | C2: A | D2: 20000 | E2: US | F2: DC-US-E | G2: High | H2: Priority Order | I2: Case priority load | K2: Why | L2: This maps priority orders to specific loads for tracking.
A3: PO-UK-A-001 | B3: UK-20260608-40_1 | C3: A | D3: 13773 | E3: UK | F3: DC-UK | G3: High | H3: Priority Order | I3: Case priority load | K3: Do not use | L3: Do not use only 40ft FCL / 20ft FCL / LCL as the ID.
K4: Power BI relation | L4: Priority_Orders[Batch / Load keep track] → Tracked_Pipeline_Loads[Batch / Load]
K5: Editable columns | L5: Only Batch / Load keep track should usually be changed.

Sheet Scenario_Config
A1: Scenario ID | B1: Scenario Name | C1: Active | D1: US-E LT Increase | E1: UK LT Increase | F1: Container Cost Increase | G1: Air Cost per kg | H1: Product Weight kg | I1: Notes
A2: S0 | B2: Baseline | C2: FALSE | D2: 0 | E2: 0 | F2: 0 | G2: 4.5 | H2: 1.2 | I2: No disruption
A3: S1 | B3: Port Congestion | C3: TRUE | D3: 15 | E3: 15 | F3: 0.2 | G3: 4.5 | H3: 1.2 | I3: Required scenario: US-E and UK sea LT +15 days, container cost +20%

Sheet Tracked_Pipeline_Loads
A1: Container ID | B1: SKU | C1: Qty | D1: Market | E1: Destination DC | F1: Load Type | G1: Departure Date | H1: Base LT | I1: Base ETA | J1: SS1 Start | K1: SS1 End | L1: SS2 Start | M1: SS2 End | N1: Product CBM | O1: Load Used CBM | P1: Load Slack CBM | Q1: Priority Order ID | R1: Priority Qty | S1: Priority Level
A2: {=_xlfn.LET( _xlpm.src,Pipeline_Source!$A$2:$V$65, _xlpm.hdr,Pipeline_Source!$A$1:$V$1, _xlpm.keep,_xlfn._xlws.FILTER(Priority_Orders!$B$2:$B$3,Priority_Orders!$B$2:$B$3<>""), _xlpm.cols,{"Container ID","SKU","Qty","Market","DC","Load Type","Departure Date","Base LT","Base ETA","SS1 Start","SS1 End","SS2 Start","SS2 End","Product CBM","Load Used CBM","Load Slack CBM"}, _xlpm.selected,_xlfn.CHOOSECOLS(_xlpm.src,_xlfn.XMATCH(_xlpm.cols,_xlpm.hdr)), _xlpm.loadCol,_xlfn.CHOOSECOLS(_xlpm.src,_xlfn.XMATCH("Container ID",_xlpm.hdr)), _xlpm.blank,_xlfn.HSTACK("No tracked load found","","","","","","","","","","","","","","",""), _xlpm.core,_xlfn._xlws.FILTER(_xlpm.selected,ISNUMBER(MATCH(_xlpm.loadCol,_xlpm.keep,0)),_xlpm.blank), _xlpm.containerCol,_xlfn.CHOOSECOLS(_xlpm.core,1), _xlpm.orderID,_xlfn.XLOOKUP(_xlpm.containerCol,Priority_Orders!$B$2:$B$3,Priority_Orders!$A$2:$A$3,""), _xlpm.priorityQty,_xlfn.XLOOKUP(_xlpm.containerCol,Priority_Orders!$B$2:$B$3,Priority_Orders!$D$2:$D$3,""), _xlpm.priorityLevel,_xlfn.XLOOKUP(_xlpm.containerCol,Priority_Orders!$B$2:$B$3,Priority_Orders!$G$2:$G$3,""), _xlfn.HSTACK(_xlpm.core,_xlpm.orderID,_xlpm.priorityQty,_xlpm.priorityLevel) )} -> US-20260511-40_1 | B2: A | C2: 15000 | D2: US | E2: DC-US-E | F2: 40 | G2: 46153 | H2: 50 | I2: 46203 | J2: 46235 | K2: 46265 | L2: 46296 | M2: 46387 | N2: 37.5 | O2: 40.429688 | P2: 24.570312 | Q2: PO-US-A-001 | R2: 20000 | S2: High
A3: US-20260511-40_1 | B3: F | C3: 3000 | D3: US | E3: DC-US-E | F3: 40 | G3: 46153 | H3: 50 | I3: 46203 | J3: 46235 | K3: 46265 | L3: 46296 | M3: 46387 | N3: 2.929688 | O3: 40.429688 | P3: 24.570312 | Q3: PO-US-A-001 | R3: 20000 | S3: High
A4: UK-20260608-40_1 | B4: A | C4: 13776 | D4: UK | E4: DC-UK | F4: 40 | G4: 46181 | H4: 40 | I4: 46221 | J4: 46082 | K4: 46142 | L4: 46327 | M4: 46387 | N4: 34.44 | O4: 39.288438 | P4: 0 | Q4: PO-UK-A-001 | R4: 13773 | S4: High

Sheet Disruption_Simulation
A1: Disruption Simulation — selected loads only
A3: Order ID | B3: Batch / Load keep track | C3: SKU | D3: Qty | E3: Market | F3: DC | G3: Priority | H3: Departure Date | I3: Base LT | J3: Base ETA | K3: LT Increase | L3: New LT | M3: New ETA | N3: Peak Start | O3: Peak End | P3: Buffer to Peak Start | Q3: Delay Days | R3: Status | S3: Container Cost Increase | T3: Recommended Action
A4: =Priority_Orders!A2 -> PO-US-A-001 | B4: =Priority_Orders!B2 -> US-20260511-40_1 | C4: =Priority_Orders!C2 -> A | D4: =Priority_Orders!D2 -> 20000 | E4: =Priority_Orders!E2 -> US | F4: =Priority_Orders!F2 -> DC-US-E | G4: =Priority_Orders!G2 -> High | H4: =IFERROR(_xlfn.XLOOKUP(B4,Tracked_Pipeline_Loads!$A$2:$A$100,Tracked_Pipeline_Loads!$G$2:$G$100),"") -> 46153 | I4: =IF(H4="","",IFERROR(_xlfn.XLOOKUP(B4,Tracked_Pipeline_Loads!$A$2:$A$100,Tracked_Pipeline_Loads!$H$2:$H$100),"")) -> 50 | J4: =IF(H4="","",IFERROR(_xlfn.XLOOKUP(B4,Tracked_Pipeline_Loads!$A$2:$A$100,Tracked_Pipeline_Loads!$I$2:$I$100),"")) -> 46203 | K4: =IF(H4="","",IF(F4="DC-US-E",_xlfn.XLOOKUP(TRUE,Scenario_Config!$C$2:$C$3,Scenario_Config!$D$2:$D$3,0),IF(F4="DC-UK",_xlfn.XLOOKUP(TRUE,Scenario_Config!$C$2:$C$3,Scenario_Config!$E$2:$E$3,0),0))) -> 15 | L4: =IF(I4="","",I4+K4) -> 65 | M4: =IF(H4="","",H4+L4) -> 46218 | N4: =IF(H4="","",IFERROR(_xlfn.XLOOKUP(B4,Tracked_Pipeline_Loads!$A$2:$A$100,Tracked_Pipeline_Loads!$J$2:$J$100),"")) -> 46235 | O4: =IF(H4="","",IFERROR(_xlfn.XLOOKUP(B4,Tracked_Pipeline_Loads!$A$2:$A$100,Tracked_Pipeline_Loads!$K$2:$K$100),"")) -> 46265 | P4: =IF(OR(N4="",M4=""),"",N4-M4) -> 17 | Q4: =IF(OR(O4="",M4=""),"",MAX(0,M4-O4)) -> 0 | R4: =IF(H4="","NO TRACKED LOAD",IF(M4<N4,"EARLY / STAGING",IF(M4<=O4,"IN PEAK WINDOW","RED - MISSED PEAK"))) -> EARLY / STAGING | S4: =_xlfn.XLOOKUP(TRUE,Scenario_Config!$C$2:$C$3,Scenario_Config!$F$2:$F$3,0) -> 0.2 | T4: =IF(R4="NO TRACKED LOAD","Assign Batch / Load ID first",IF(R4="RED - MISSED PEAK","Evaluate air/split or reallocate demand",IF(P4<5,"Prioritize unloading and DC allocation",IF(P4<15,"Monitor ETA daily and prepare contingency","Keep sea freight as planned")))) -> Keep sea freight as planned
A5: =Priority_Orders!A3 -> PO-UK-A-001 | B5: =Priority_Orders!B3 -> UK-20260608-40_1 | C5: =Priority_Orders!C3 -> A | D5: =Priority_Orders!D3 -> 13773 | E5: =Priority_Orders!E3 -> UK | F5: =Priority_Orders!F3 -> DC-UK | G5: =Priority_Orders!G3 -> High | H5: =IFERROR(_xlfn.XLOOKUP(B5,Tracked_Pipeline_Loads!$A$2:$A$100,Tracked_Pipeline_Loads!$G$2:$G$100),"") -> 46181 | I5: =IF(H5="","",IFERROR(_xlfn.XLOOKUP(B5,Tracked_Pipeline_Loads!$A$2:$A$100,Tracked_Pipeline_Loads!$H$2:$H$100),"")) -> 40 | J5: =IF(H5="","",IFERROR(_xlfn.XLOOKUP(B5,Tracked_Pipeline_Loads!$A$2:$A$100,Tracked_Pipeline_Loads!$I$2:$I$100),"")) -> 46221 | K5: =IF(H5="","",IF(F5="DC-US-E",_xlfn.XLOOKUP(TRUE,Scenario_Config!$C$2:$C$3,Scenario_Config!$D$2:$D$3,0),IF(F5="DC-UK",_xlfn.XLOOKUP(TRUE,Scenario_Config!$C$2:$C$3,Scenario_Config!$E$2:$E$3,0),0))) -> 15 | L5: =IF(I5="","",I5+K5) -> 55 | M5: =IF(H5="","",H5+L5) -> 46236 | N5: =IF(H5="","",IFERROR(_xlfn.XLOOKUP(B5,Tracked_Pipeline_Loads!$A$2:$A$100,Tracked_Pipeline_Loads!$J$2:$J$100),"")) -> 46082 | O5: =IF(H5="","",IFERROR(_xlfn.XLOOKUP(B5,Tracked_Pipeline_Loads!$A$2:$A$100,Tracked_Pipeline_Loads!$K$2:$K$100),"")) -> 46142 | P5: =IF(OR(N5="",M5=""),"",N5-M5) -> -154 | Q5: =IF(OR(O5="",M5=""),"",MAX(0,M5-O5)) -> 94 | R5: =IF(H5="","NO TRACKED LOAD",IF(M5<N5,"EARLY / STAGING",IF(M5<=O5,"IN PEAK WINDOW","RED - MISSED PEAK"))) -> RED - MISSED PEAK | S5: =_xlfn.XLOOKUP(TRUE,Scenario_Config!$C$2:$C$3,Scenario_Config!$F$2:$F$3,0) -> 0.2 | T5: =IF(R5="NO TRACKED LOAD","Assign Batch / Load ID first",IF(R5="RED - MISSED PEAK","Evaluate air/split or reallocate demand",IF(P5<5,"Prioritize unloading and DC allocation",IF(P5<15,"Monitor ETA daily and prepare contingency","Keep sea freight as planned")))) -> Evaluate air/split or reallocate demand

Sheet Cost_Comparison
A1: Order ID | B1: Qty | C1: DC | D1: Base Sea Cost USD | E1: Sea Cost After Disruption | F1: Full Air Cost | G1: Urgent Air Share | H1: Split Air Cost | I1: Remaining Sea Cost | J1: Split Total Cost | K1: Simulation Status | L1: Recommendation
A2: =Priority_Orders!A2 -> PO-US-A-001 | B2: =Priority_Orders!D2 -> 20000 | C2: =Priority_Orders!F2 -> DC-US-E | D2: =_xlfn.SINGLE(IF(Priority_Orders!E2="US",_xlfn.XLOOKUP("US 40ft FCL rate",Cost_Assumptions!$B$2:$B$12,Cost_Assumptions!$C$2:$C$12),IF(Priority_Orders!E2="UK",_xlfn.XLOOKUP("UK 40ft FCL rate",Cost_Assumptions!$B$2:$B$12,Cost_Assumptions!$C$2:$C$12),0))) -> 5200 | E2: =D2*(1+_xlfn.SINGLE(_xlfn.XLOOKUP(TRUE,Scenario_Config!$C$2:$C$3,Scenario_Config!$F$2:$F$3,0))) -> 6240 | F2: =B2*_xlfn.SINGLE(_xlfn.XLOOKUP("Product A weight",Cost_Assumptions!$B$2:$B$12,Cost_Assumptions!$C$2:$C$12))*_xlfn.SINGLE(_xlfn.XLOOKUP("Air freight rate",Cost_Assumptions!$B$2:$B$12,Cost_Assumptions!$C$2:$C$12)) -> 108000 | G2: =_xlfn.SINGLE(_xlfn.XLOOKUP("Urgent air share for split option",Cost_Assumptions!$B$2:$B$12,Cost_Assumptions!$C$2:$C$12)) -> 0.4 | H2: =B2*G2*_xlfn.SINGLE(_xlfn.XLOOKUP("Product A weight",Cost_Assumptions!$B$2:$B$12,Cost_Assumptions!$C$2:$C$12))*_xlfn.SINGLE(_xlfn.XLOOKUP("Air freight rate",Cost_Assumptions!$B$2:$B$12,Cost_Assumptions!$C$2:$C$12)) -> 43200 | I2: =E2*(1-G2) -> 3744 | J2: =H2+I2 -> 46944 | K2: =_xlfn.SINGLE(_xlfn.XLOOKUP(A2,Disruption_Simulation!$A$4:$A$12,Disruption_Simulation!$R$4:$R$12,"Not simulated")) -> EARLY / STAGING | L2: =IF(K2="NO TRACKED LOAD","Assign Batch / Load ID first",IF(ISNUMBER(SEARCH("MISSED",K2)),"Split shipment",IF(ISNUMBER(SEARCH("TIGHT",K2)),"Prepare split / monitor daily","Keep sea freight"))) -> Keep sea freight
A3: =Priority_Orders!A3 -> PO-UK-A-001 | B3: =Priority_Orders!D3 -> 13773 | C3: =Priority_Orders!F3 -> DC-UK | D3: =_xlfn.SINGLE(IF(Priority_Orders!E3="US",_xlfn.XLOOKUP("US 40ft FCL rate",Cost_Assumptions!$B$2:$B$12,Cost_Assumptions!$C$2:$C$12),IF(Priority_Orders!E3="UK",_xlfn.XLOOKUP("UK 40ft FCL rate",Cost_Assumptions!$B$2:$B$12,Cost_Assumptions!$C$2:$C$12),0))) -> 4200 | E3: =D3*(1+_xlfn.SINGLE(_xlfn.XLOOKUP(TRUE,Scenario_Config!$C$2:$C$3,Scenario_Config!$F$2:$F$3,0))) -> 5040 | F3: =B3*_xlfn.SINGLE(_xlfn.XLOOKUP("Product A weight",Cost_Assumptions!$B$2:$B$12,Cost_Assumptions!$C$2:$C$12))*_xlfn.SINGLE(_xlfn.XLOOKUP("Air freight rate",Cost_Assumptions!$B$2:$B$12,Cost_Assumptions!$C$2:$C$12)) -> 74374.2 | G3: =_xlfn.SINGLE(_xlfn.XLOOKUP("Urgent air share for split option",Cost_Assumptions!$B$2:$B$12,Cost_Assumptions!$C$2:$C$12)) -> 0.4 | H3: =B3*G3*_xlfn.SINGLE(_xlfn.XLOOKUP("Product A weight",Cost_Assumptions!$B$2:$B$12,Cost_Assumptions!$C$2:$C$12))*_xlfn.SINGLE(_xlfn.XLOOKUP("Air freight rate",Cost_Assumptions!$B$2:$B$12,Cost_Assumptions!$C$2:$C$12)) -> 29749.68 | I3: =E3*(1-G3) -> 3024 | J3: =H3+I3 -> 32773.68 | K3: =_xlfn.SINGLE(_xlfn.XLOOKUP(A3,Disruption_Simulation!$A$4:$A$12,Disruption_Simulation!$R$4:$R$12,"Not simulated")) -> RED - MISSED PEAK | L3: =IF(K3="NO TRACKED LOAD","Assign Batch / Load ID first",IF(ISNUMBER(SEARCH("MISSED",K3)),"Split shipment",IF(ISNUMBER(SEARCH("TIGHT",K3)),"Prepare split / monitor daily","Keep sea freight"))) -> Split shipment

Sheet Cost_Assumptions
A1: Assumption ID | B1: Assumption | C1: Value | D1: Unit | E1: Notes
A2: A01 | B2: Air freight rate | C2: 4.5 | D2: USD/kg | E2: Given by case.
A3: A02 | B3: Product A weight | C3: 1.2 | D3: kg/unit | E3: Given by case.
A4: A03 | B4: Active scenario container cost increase | C4: =_xlfn.XLOOKUP(TRUE,Scenario_Config!$C$2:$C$3,Scenario_Config!$F$2:$F$3,0) -> 0.2 | D4: % | E4: Linked to active scenario.
A5: A04 | B5: Urgent air share for split option | C5: 0.4 | D5: % of priority qty | E5: Assumption for split shipment.
A6: A05 | B6: Sea share for split option | C6: 0.6 | D6: % of priority qty | E6: Remaining volume stays on sea freight.
A7: A06 | B7: DC safety buffer threshold | C7: 1 | D7: weeks | E7: Flag RED if coverage below 1 week.
A8: A07 | B8: Distributor SLA threshold | C8: 0.95 | D8: % | E8: Flag RED if rolling 4W SLA below 95%.
A9: A08 | B9: Target customer service level | C9: 0.98 | D9: % | E9: MK target fulfillment level.
A10: A09 | B10: US 40ft FCL rate | C10: 5200 | D10: USD/container | E10: From SOTA / Round 2.1 logistics table.
A11: A10 | B11: UK 40ft FCL rate | C11: 4200 | D11: USD/container | E11: From SOTA / Round 2.1 logistics table.
A12: A11 | B12: AU LCL rate | C12: 35 | D12: USD/CBM | E12: From SOTA / Round 2.1 logistics table.

Sheet Freight_Rate_Master
A1: Market | B1: Load Type | C1: Base Sea Rate
A2: US | B2: 40 | C2: 5200
A3: US | B3: 20 | C3: 3000
A4: US | B4: LCL | C4: 200
A5: UK | B5: 40 | C5: 4200
A6: UK | B6: 20 | C6: 2500
A7: UK | B7: LCL | C7: 70
A8: AU | B8: 40 | C8: 2000
A9: AU | B9: 20 | C9: 1100
A10: AU | B10: LCL | C10: 35

Sheet Lane_LeadTime_Master
A1: Market | B1: DC | C1: Load Type | D1: Base LT
A2: US | B2: DC-US-W | C2: 40 | D2: 50
A3: US | B3: DC-US-E | C3: 40 | D3: 50
A4: US | B4: DC-US-W | C4: 20 | D4: 50
A5: US | B5: DC-US-E | C5: 20 | D5: 50
A6: US | B6: DC-US-W | C6: LCL | D6: 55
A7: US | B7: DC-US-E | C7: LCL | D7: 55
A8: UK | B8: DC-UK | C8: 40 | D8: 40
A9: UK | B9: DC-UK | C9: 20 | D9: 40
A10: UK | B10: DC-UK | C10: LCL | D10: 45
A11: AU | B11: DC-AU | C11: 40 | D11: 30
A12: AU | B12: DC-AU | C12: 20 | D12: 30
A13: AU | B13: DC-AU | C13: LCL | D13: 30

Sheet Peak_Window_Master
A1: Market | B1: SS1 Start | C1: SS1 End | D1: SS2 Start | E1: SS2 End
A2: US | B2: 46235 | C2: 46265 | D2: 46296 | E2: 46387
A3: UK | B3: 46082 | C3: 46142 | D3: 46327 | E3: 46387
A4: AU | B4: 46204 | C4: 46234 | D4: 46327 | E4: 46387

Sheet DC_Inventory_Input
A1: DC | B1: Market | C1: Storage Capacity CBM | D1: Handling Rate USD/CBM | E1: Planned Inbound Units | F1: Planned Inbound CBM | G1: Avg Weekly Demand Units | H1: Projected Inventory Units | I1: Inventory Coverage Weeks | J1: Status | K1: Alert Note
A2: DC-US-W | B2: US | C2: 500 | D2: 18 | E2: =SUMIFS(Pipeline_Source!$C:$C,Pipeline_Source!$E:$E,$A2) -> 79220 | F2: =SUMIFS(Pipeline_Source!$T:$T,Pipeline_Source!$E:$E,$A2) -> 158.40969 | G2: =tblDCInventory[[#This Row],[Planned Inbound Units]]/12 -> 6601.6667 | H2: 10123 | I2: =IFERROR(H2/G2,"") -> 1.5334007 | J2: =IF(I2<1,"RED","GREEN") -> GREEN | K2: =IF(J2="RED","Below 1-week safety buffer","Normal") -> Normal
A3: DC-US-E | B3: US | C3: 400 | D3: 20 | E3: =SUMIFS(Pipeline_Source!$C:$C,Pipeline_Source!$E:$E,$A3) -> 91996 | F3: =SUMIFS(Pipeline_Source!$T:$T,Pipeline_Source!$E:$E,$A3) -> 186.36719 | G3: =tblDCInventory[[#This Row],[Planned Inbound Units]]/12 -> 7666.3333 | H3: 4428 | I3: =IFERROR(H3/G3,"") -> 0.57759033 | J3: =IF(I3<1,"RED","GREEN") -> RED | K3: =IF(J3="RED","Below 1-week safety buffer","Normal") -> Below 1-week safety buffer
A4: DC-UK | B4: UK | C4: 300 | D4: 22 | E4: =SUMIFS(Pipeline_Source!$C:$C,Pipeline_Source!$E:$E,$A4) -> 62940 | F4: =SUMIFS(Pipeline_Source!$T:$T,Pipeline_Source!$E:$E,$A4) -> 275.10375 | G4: =tblDCInventory[[#This Row],[Planned Inbound Units]]/12 -> 5245 | H4: 3011 | I4: =IFERROR(H4/G4,"") -> 0.57407054 | J4: =IF(I4<1,"RED","GREEN") -> RED | K4: =IF(J4="RED","Below 1-week safety buffer","Normal") -> Below 1-week safety buffer
A5: DC-AU | B5: AU | C5: 200 | D5: 25 | E5: =SUMIFS(Pipeline_Source!$C:$C,Pipeline_Source!$E:$E,$A5) -> 2200 | F5: =SUMIFS(Pipeline_Source!$T:$T,Pipeline_Source!$E:$E,$A5) -> 6.875 | G5: =tblDCInventory[[#This Row],[Planned Inbound Units]]/12 -> 183.33333 | H5: 257 | I5: =IFERROR(H5/G5,"") -> 1.4018182 | J5: =IF(I5<1,"RED","GREEN") -> GREEN | K5: =IF(J5="RED","Below 1-week safety buffer","Normal") -> Normal

Sheet Distributor_Input
A1: Market | B1: Selected Distributor | C1: Backup Distributor | D1: Capacity CBM | E1: Planned CBM | F1: Capacity Gap CBM | G1: Channel Fit | H1: Week 1 SLA | I1: Week 2 SLA | J1: Week 3 SLA | K1: Week 4 SLA | L1: Rolling 4W SLA | M1: SLA Status | N1: Contingency Action
A2: US | B2: PlayGiant USA | C2: KidWorld Distrib. | D2: 800 | E2: 376.76 | F2: =D2-E2 -> 423.24 | G2: E-commerce strong; fits US online-first behavior | H2: 0.97 | I2: 0.94 | J2: 0.92 | K2: 0.88 | L2: =AVERAGE(H2:K2) -> 0.9275 | M2: =IF(L2<_xlfn.XLOOKUP("Distributor SLA threshold",Cost_Assumptions!$B$2:$B$12,Cost_Assumptions!$C$2:$C$12),"RED","GREEN") -> RED | N2: Activate KidWorld backup if rolling SLA <95%
A3: UK | B3: BrightToy UK | C3: JoyZone UK | D3: 280 | E3: 220.67 | F3: =D3-E3 -> 59.33 | G3: 98.2% fulfillment; premium retail and ESG fit | H3: 0.98 | I3: 0.96 | J3: 0.95 | K3: 0.94 | L3: =AVERAGE(H3:K3) -> 0.9575 | M3: =IF(L3<_xlfn.XLOOKUP("Distributor SLA threshold",Cost_Assumptions!$B$2:$B$12,Cost_Assumptions!$C$2:$C$12),"RED","GREEN") -> GREEN | N3: Use JoyZone only as limited backup due to slower processing
A4: AU | B4: DownUnder Toys | C4: Emergency 3PL / temporary DTC | D4: 220 | E4: 6.88 | F4: =D4-E4 -> 213.12 | G4: Only national distributor; capacity sufficient | H4: 0.97 | I4: 0.96 | J4: 0.96 | K4: 0.95 | L4: =AVERAGE(H4:K4) -> 0.96 | M4: =IF(L4<_xlfn.XLOOKUP("Distributor SLA threshold",Cost_Assumptions!$B$2:$B$12,Cost_Assumptions!$C$2:$C$12),"RED","GREEN") -> GREEN | N4: No direct distributor backup; use emergency 3PL support

Sheet Decision_Rules
A1: Rule ID | B1: Risk Type | C1: IF Condition | D1: THEN Action | E1: Severity | F1: Dashboard KPI
A2: R1 | B2: Shipment delay | C2: New ETA > assigned peak window end | D2: Flag shipment RED | E2: High | F2: Delay Days
A3: R2 | B3: Priority shipment | C3: Delay Days > 0 AND Priority = High | D3: Evaluate airfreight or split shipment | E3: High | F3: At-risk Priority Orders
A4: R3 | B4: DC inventory | C4: Inventory Coverage < 1 week | D4: Trigger DC stockout alert | E4: High | F4: Inventory Coverage
A5: R4 | B5: Distributor SLA | C5: Rolling 4W SLA < 95% | D5: Activate backup distributor plan | E5: High | F5: SLA Status
A6: R5 | B6: Normal shipment | C6: New ETA within assigned peak window or buffer >= 15 days | D6: Keep sea freight as planned | E6: Low | F6: Buffer Category
A7: R6 | B7: Cost control | C7: Full air cost materially exceeds split option | D7: Recommend split instead of full air | E7: Medium | F7: Cost Comparison

Sheet Action_Catalog
A1: Action ID | B1: Trigger | C1: Recommended Action | D1: Manager Approval Required
A2: A1 | B2: Shipment RED + High Priority | C2: Split shipment: air urgent quantity, keep remaining by sea | D2: YES
A3: A2 | B3: Inventory RED | C3: Prioritize inbound allocation to affected DC | D3: YES
A4: A3 | B4: SLA RED | C4: Activate backup distributor or temporary channel support | D4: YES
A5: A4 | B5: Cost spike only | C5: Keep sea freight and monitor landed-cost impact | D5: YES
A6: A5 | B6: No risk | C6: Continue planned shipment | D6: NO

Sheet Distributor_Master
A1: Distributor | B1: Market | C1: Selected | D1: Annual Revenue USD M | E1: Capacity CBM | F1: Baseline Fulfillment Rate | G1: Planned CBM from pipeline | H1: Capacity Gap CBM | I1: Channel / Strategic Fit | J1: Risk Note
A2: PlayGiant USA | B2: US | C2: TRUE | D2: 120 | E2: 800 | F2: 0.978 | G2: 376.76 | H2: =E2-G2 -> 423.24 | I2: E-commerce strong; fits US online-first behavior. | J2: Limited traditional retail reach in Midwest.
A3: KidWorld Distrib. | B3: US | C3: FALSE | D3: 88 | E3: 600 | F3: 0.963 | G3: 376.76 | H3: =E3-G3 -> 223.24 | I3: Q4 peak execution and shelf-display relationships. | J3: Lower fulfillment rate than PlayGiant.
A4: BrightToy UK | B4: UK | C4: TRUE | D4: 42 | E4: 280 | F4: 0.982 | G4: 220.67 | H4: =E4-G4 -> 59.33 | I4: Premium retail partner; strong fulfillment and ESG fit. | J4: High ESG requirement from supplier.
A5: JoyZone UK | B5: UK | C5: FALSE | D5: 28 | E5: 180 | F5: 0.915 | G5: 220.67 | H5: =E5-G5 -> -40.67 | I5: Lower-cost option with developing DTC capability. | J5: Slow processing and weak SLA.
A6: DownUnder Toys | B6: AU | C6: TRUE | D6: 31 | E6: 220 | F6: 0.968 | G6: 6.88 | H6: =E6-G6 -> 213.12 | I6: Only viable national AU option; strong NSW/VIC coverage. | J6: Limited backup options if service fails.

Sheet Backup_Distributor_Plan
A1: Market | B1: Primary Distributor | C1: Backup Distributor | D1: Trigger | E1: Switching Cost Type | F1: Operational Impact
A2: US | B2: PlayGiant USA | C2: KidWorld Distrib. | D2: Rolling 4W SLA <95% or e-commerce backlog | E2: Contract, onboarding, order reallocation | F2: Better Q4 retail coverage, but weaker e-commerce fit than PlayGiant.
A3: UK | B3: BrightToy UK | C3: JoyZone UK | D3: Rolling 4W SLA <95% or ESG non-compliance | E3: Lower partner cost but slower processing | F3: Service degradation risk; use only as temporary fallback.
A4: AU | B4: DownUnder Toys | C4: Emergency 3PL / temporary DTC support | D4: Rolling 4W SLA <95% or national capacity failure | E4: Emergency warehousing and last-mile handling | F4: Higher handling cost; no direct distributor alternative in case list.
A8: Check Item | B8: Value | C8: Status | D8: Interpretation
A9: Active scenario count | B9: 1 | C9: OK | D9: Exactly one scenario should be active.
A10: Blank tracked Batch/Load IDs | B10: 0 | C10: OK | D10: Blank tracked IDs will prevent load tracking.
A11: Invalid tracked Batch/Load IDs | B11: 0 | C11: OK | D11: Tracked IDs must exist in Pipeline_Source[Batch / Load].
A12: Order-load mismatch count | B12: 3 | C12: CHECK | D12: Current tracked loads do not match Priority_Orders SKU/Market/DC. Replace Batch / Load keep track before Power BI refresh.
A13: Inventory RED count | B13: 2 | C13: WATCH | D13: RED inventory indicates below 1-week safety buffer.
A14: Distributor SLA RED count | B14: 1 | C14: WATCH | D14: RED SLA activates backup distributor logic.
A15: Duplicate sheet clean-up | B15: Done | C15: OK | D15: Distributor_Master, Distributor_SLA_Input, and Backup_Distributor_Plan were consolidated into Distributor_Input.
